{
	"format_version": "1.8.0",
	"animations": {
		"idle": {
			"loop": true,
			"animation_length": 6,
			"bones": {
				"bodymain": {
					"rotation": {
						"0.0": {
							"vector": [0, 0, 0]
						},
						"0.0833": {
							"vector": [0.09, 0, 0]
						},
						"0.1667": {
							"vector": [0.17, 0, 0]
						},
						"0.25": {
							"vector": [0.26, 0, 0]
						},
						"0.3333": {
							"vector": [0.34, 0, 0]
						},
						"0.4167": {
							"vector": [0.42, 0, 0]
						},
						"0.5": {
							"vector": [0.5, 0, 0]
						},
						"0.5833": {
							"vector": [0.57, 0, 0]
						},
						"0.6667": {
							"vector": [0.64, 0, 0]
						},
						"0.75": {
							"vector": [0.71, 0, 0]
						},
						"0.8333": {
							"vector": [0.77, 0, 0]
						},
						"0.9167": {
							"vector": [0.82, 0, 0]
						},
						"1.0": {
							"vector": [0.87, 0, 0]
						},
						"1.0833": {
							"vector": [0.91, 0, 0]
						},
						"1.1667": {
							"vector": [0.94, 0, 0]
						},
						"1.25": {
							"vector": [0.97, 0, 0]
						},
						"1.3333": {
							"vector": [0.98, 0, 0]
						},
						"1.4167": {
							"vector": [1, 0, 0]
						},
						"1.5": {
							"vector": [1, 0, 0]
						},
						"1.5833": {
							"vector": [1, 0, 0]
						},
						"1.6667": {
							"vector": [0.98, 0, 0]
						},
						"1.75": {
							"vector": [0.97, 0, 0]
						},
						"1.8333": {
							"vector": [0.94, 0, 0]
						},
						"1.9167": {
							"vector": [0.91, 0, 0]
						},
						"2.0": {
							"vector": [0.87, 0, 0]
						},
						"2.0833": {
							"vector": [0.82, 0, 0]
						},
						"2.1667": {
							"vector": [0.77, 0, 0]
						},
						"2.25": {
							"vector": [0.71, 0, 0]
						},
						"2.3333": {
							"vector": [0.64, 0, 0]
						},
						"2.4167": {
							"vector": [0.57, 0, 0]
						},
						"2.5": {
							"vector": [0.5, 0, 0]
						},
						"2.5833": {
							"vector": [0.42, 0, 0]
						},
						"2.6667": {
							"vector": [0.34, 0, 0]
						},
						"2.75": {
							"vector": [0.26, 0, 0]
						},
						"2.8333": {
							"vector": [0.17, 0, 0]
						},
						"2.9167": {
							"vector": [0.09, 0, 0]
						},
						"3.0": {
							"vector": [0, 0, 0]
						},
						"3.0833": {
							"vector": [-0.09, 0, 0]
						},
						"3.1667": {
							"vector": [-0.17, 0, 0]
						},
						"3.25": {
							"vector": [-0.26, 0, 0]
						},
						"3.3333": {
							"vector": [-0.34, 0, 0]
						},
						"3.4167": {
							"vector": [-0.42, 0, 0]
						},
						"3.5": {
							"vector": [-0.5, 0, 0]
						},
						"3.5833": {
							"vector": [-0.57, 0, 0]
						},
						"3.6667": {
							"vector": [-0.64, 0, 0]
						},
						"3.75": {
							"vector": [-0.71, 0, 0]
						},
						"3.8333": {
							"vector": [-0.77, 0, 0]
						},
						"3.9167": {
							"vector": [-0.82, 0, 0]
						},
						"4.0": {
							"vector": [-0.87, 0, 0]
						},
						"4.0833": {
							"vector": [-0.91, 0, 0]
						},
						"4.1667": {
							"vector": [-0.94, 0, 0]
						},
						"4.25": {
							"vector": [-0.97, 0, 0]
						},
						"4.3333": {
							"vector": [-0.98, 0, 0]
						},
						"4.4167": {
							"vector": [-1, 0, 0]
						},
						"4.5": {
							"vector": [-1, 0, 0]
						},
						"4.5833": {
							"vector": [-1, 0, 0]
						},
						"4.6667": {
							"vector": [-0.98, 0, 0]
						},
						"4.75": {
							"vector": [-0.97, 0, 0]
						},
						"4.8333": {
							"vector": [-0.94, 0, 0]
						},
						"4.9167": {
							"vector": [-0.91, 0, 0]
						},
						"5.0": {
							"vector": [-0.87, 0, 0]
						},
						"5.0833": {
							"vector": [-0.82, 0, 0]
						},
						"5.1667": {
							"vector": [-0.77, 0, 0]
						},
						"5.25": {
							"vector": [-0.71, 0, 0]
						},
						"5.3333": {
							"vector": [-0.64, 0, 0]
						},
						"5.4167": {
							"vector": [-0.57, 0, 0]
						},
						"5.5": {
							"vector": [-0.5, 0, 0]
						},
						"5.5833": {
							"vector": [-0.42, 0, 0]
						},
						"5.6667": {
							"vector": [-0.34, 0, 0]
						},
						"5.75": {
							"vector": [-0.26, 0, 0]
						},
						"5.8333": {
							"vector": [-0.17, 0, 0]
						},
						"5.9167": {
							"vector": [-0.09, 0, 0]
						},
						"6.0": {
							"vector": [0, 0, 0]
						}
					}
				},
				"frontbody": {
					"rotation": {
						"0.0": {
							"vector": [0, 0, 0]
						},
						"0.0833": {
							"vector": [0.09, 0, 0]
						},
						"0.1667": {
							"vector": [0.17, 0, 0]
						},
						"0.25": {
							"vector": [0.26, 0, 0]
						},
						"0.3333": {
							"vector": [0.34, 0, 0]
						},
						"0.4167": {
							"vector": [0.42, 0, 0]
						},
						"0.5": {
							"vector": [0.5, 0, 0]
						},
						"0.5833": {
							"vector": [0.57, 0, 0]
						},
						"0.6667": {
							"vector": [0.64, 0, 0]
						},
						"0.75": {
							"vector": [0.71, 0, 0]
						},
						"0.8333": {
							"vector": [0.77, 0, 0]
						},
						"0.9167": {
							"vector": [0.82, 0, 0]
						},
						"1.0": {
							"vector": [0.87, 0, 0]
						},
						"1.0833": {
							"vector": [0.91, 0, 0]
						},
						"1.1667": {
							"vector": [0.94, 0, 0]
						},
						"1.25": {
							"vector": [0.97, 0, 0]
						},
						"1.3333": {
							"vector": [0.98, 0, 0]
						},
						"1.4167": {
							"vector": [1, 0, 0]
						},
						"1.5": {
							"vector": [1, 0, 0]
						},
						"1.5833": {
							"vector": [1, 0, 0]
						},
						"1.6667": {
							"vector": [0.98, 0, 0]
						},
						"1.75": {
							"vector": [0.97, 0, 0]
						},
						"1.8333": {
							"vector": [0.94, 0, 0]
						},
						"1.9167": {
							"vector": [0.91, 0, 0]
						},
						"2.0": {
							"vector": [0.87, 0, 0]
						},
						"2.0833": {
							"vector": [0.82, 0, 0]
						},
						"2.1667": {
							"vector": [0.77, 0, 0]
						},
						"2.25": {
							"vector": [0.71, 0, 0]
						},
						"2.3333": {
							"vector": [0.64, 0, 0]
						},
						"2.4167": {
							"vector": [0.57, 0, 0]
						},
						"2.5": {
							"vector": [0.5, 0, 0]
						},
						"2.5833": {
							"vector": [0.42, 0, 0]
						},
						"2.6667": {
							"vector": [0.34, 0, 0]
						},
						"2.75": {
							"vector": [0.26, 0, 0]
						},
						"2.8333": {
							"vector": [0.17, 0, 0]
						},
						"2.9167": {
							"vector": [0.09, 0, 0]
						},
						"3.0": {
							"vector": [0, 0, 0]
						},
						"3.0833": {
							"vector": [-0.09, 0, 0]
						},
						"3.1667": {
							"vector": [-0.17, 0, 0]
						},
						"3.25": {
							"vector": [-0.26, 0, 0]
						},
						"3.3333": {
							"vector": [-0.34, 0, 0]
						},
						"3.4167": {
							"vector": [-0.42, 0, 0]
						},
						"3.5": {
							"vector": [-0.5, 0, 0]
						},
						"3.5833": {
							"vector": [-0.57, 0, 0]
						},
						"3.6667": {
							"vector": [-0.64, 0, 0]
						},
						"3.75": {
							"vector": [-0.71, 0, 0]
						},
						"3.8333": {
							"vector": [-0.77, 0, 0]
						},
						"3.9167": {
							"vector": [-0.82, 0, 0]
						},
						"4.0": {
							"vector": [-0.87, 0, 0]
						},
						"4.0833": {
							"vector": [-0.91, 0, 0]
						},
						"4.1667": {
							"vector": [-0.94, 0, 0]
						},
						"4.25": {
							"vector": [-0.97, 0, 0]
						},
						"4.3333": {
							"vector": [-0.98, 0, 0]
						},
						"4.4167": {
							"vector": [-1, 0, 0]
						},
						"4.5": {
							"vector": [-1, 0, 0]
						},
						"4.5833": {
							"vector": [-1, 0, 0]
						},
						"4.6667": {
							"vector": [-0.98, 0, 0]
						},
						"4.75": {
							"vector": [-0.97, 0, 0]
						},
						"4.8333": {
							"vector": [-0.94, 0, 0]
						},
						"4.9167": {
							"vector": [-0.91, 0, 0]
						},
						"5.0": {
							"vector": [-0.87, 0, 0]
						},
						"5.0833": {
							"vector": [-0.82, 0, 0]
						},
						"5.1667": {
							"vector": [-0.77, 0, 0]
						},
						"5.25": {
							"vector": [-0.71, 0, 0]
						},
						"5.3333": {
							"vector": [-0.64, 0, 0]
						},
						"5.4167": {
							"vector": [-0.57, 0, 0]
						},
						"5.5": {
							"vector": [-0.5, 0, 0]
						},
						"5.5833": {
							"vector": [-0.42, 0, 0]
						},
						"5.6667": {
							"vector": [-0.34, 0, 0]
						},
						"5.75": {
							"vector": [-0.26, 0, 0]
						},
						"5.8333": {
							"vector": [-0.17, 0, 0]
						},
						"5.9167": {
							"vector": [-0.09, 0, 0]
						},
						"6.0": {
							"vector": [0, 0, 0]
						}
					}
				},
				"leftArm": {
					"rotation": {
						"0.0": {
							"vector": [5, 0, 0]
						},
						"0.0833": {
							"vector": [4.98, 0, 0]
						},
						"0.1667": {
							"vector": [4.92, 0, 0]
						},
						"0.25": {
							"vector": [4.83, 0, 0]
						},
						"0.3333": {
							"vector": [4.7, 0, 0]
						},
						"0.4167": {
							"vector": [4.53, 0, 0]
						},
						"0.5": {
							"vector": [4.33, 0, 0]
						},
						"0.5833": {
							"vector": [4.1, 0, 0]
						},
						"0.6667": {
							"vector": [3.83, 0, 0]
						},
						"0.75": {
							"vector": [3.54, 0, 0]
						},
						"0.8333": {
							"vector": [3.21, 0, 0]
						},
						"0.9167": {
							"vector": [2.87, 0, 0]
						},
						"1.0": {
							"vector": [2.5, 0, 0]
						},
						"1.0833": {
							"vector": [2.11, 0, 0]
						},
						"1.1667": {
							"vector": [1.71, 0, 0]
						},
						"1.25": {
							"vector": [1.29, 0, 0]
						},
						"1.3333": {
							"vector": [0.87, 0, 0]
						},
						"1.4167": {
							"vector": [0.44, 0, 0]
						},
						"1.5": {
							"vector": [0, 0, 0]
						},
						"1.5833": {
							"vector": [-0.44, 0, 0]
						},
						"1.6667": {
							"vector": [-0.87, 0, 0]
						},
						"1.75": {
							"vector": [-1.29, 0, 0]
						},
						"1.8333": {
							"vector": [-1.71, 0, 0]
						},
						"1.9167": {
							"vector": [-2.11, 0, 0]
						},
						"2.0": {
							"vector": [-2.5, 0, 0]
						},
						"2.0833": {
							"vector": [-2.87, 0, 0]
						},
						"2.1667": {
							"vector": [-3.21, 0, 0]
						},
						"2.25": {
							"vector": [-3.54, 0, 0]
						},
						"2.3333": {
							"vector": [-3.83, 0, 0]
						},
						"2.4167": {
							"vector": [-4.1, 0, 0]
						},
						"2.5": {
							"vector": [-4.33, 0, 0]
						},
						"2.5833": {
							"vector": [-4.53, 0, 0]
						},
						"2.6667": {
							"vector": [-4.7, 0, 0]
						},
						"2.75": {
							"vector": [-4.83, 0, 0]
						},
						"2.8333": {
							"vector": [-4.92, 0, 0]
						},
						"2.9167": {
							"vector": [-4.98, 0, 0]
						},
						"3.0": {
							"vector": [-5, 0, 0]
						},
						"3.0833": {
							"vector": [-4.98, 0, 0]
						},
						"3.1667": {
							"vector": [-4.92, 0, 0]
						},
						"3.25": {
							"vector": [-4.83, 0, 0]
						},
						"3.3333": {
							"vector": [-4.7, 0, 0]
						},
						"3.4167": {
							"vector": [-4.53, 0, 0]
						},
						"3.5": {
							"vector": [-4.33, 0, 0]
						},
						"3.5833": {
							"vector": [-4.1, 0, 0]
						},
						"3.6667": {
							"vector": [-3.83, 0, 0]
						},
						"3.75": {
							"vector": [-3.54, 0, 0]
						},
						"3.8333": {
							"vector": [-3.21, 0, 0]
						},
						"3.9167": {
							"vector": [-2.87, 0, 0]
						},
						"4.0": {
							"vector": [-2.5, 0, 0]
						},
						"4.0833": {
							"vector": [-2.11, 0, 0]
						},
						"4.1667": {
							"vector": [-1.71, 0, 0]
						},
						"4.25": {
							"vector": [-1.29, 0, 0]
						},
						"4.3333": {
							"vector": [-0.87, 0, 0]
						},
						"4.4167": {
							"vector": [-0.44, 0, 0]
						},
						"4.5": {
							"vector": [0, 0, 0]
						},
						"4.5833": {
							"vector": [0.44, 0, 0]
						},
						"4.6667": {
							"vector": [0.87, 0, 0]
						},
						"4.75": {
							"vector": [1.29, 0, 0]
						},
						"4.8333": {
							"vector": [1.71, 0, 0]
						},
						"4.9167": {
							"vector": [2.11, 0, 0]
						},
						"5.0": {
							"vector": [2.5, 0, 0]
						},
						"5.0833": {
							"vector": [2.87, 0, 0]
						},
						"5.1667": {
							"vector": [3.21, 0, 0]
						},
						"5.25": {
							"vector": [3.54, 0, 0]
						},
						"5.3333": {
							"vector": [3.83, 0, 0]
						},
						"5.4167": {
							"vector": [4.1, 0, 0]
						},
						"5.5": {
							"vector": [4.33, 0, 0]
						},
						"5.5833": {
							"vector": [4.53, 0, 0]
						},
						"5.6667": {
							"vector": [4.7, 0, 0]
						},
						"5.75": {
							"vector": [4.83, 0, 0]
						},
						"5.8333": {
							"vector": [4.92, 0, 0]
						},
						"5.9167": {
							"vector": [4.98, 0, 0]
						},
						"6.0": {
							"vector": [5, 0, 0]
						}
					}
				},
				"rightArm": {
					"rotation": {
						"0.0": {
							"vector": [5, 0, 0]
						},
						"0.0833": {
							"vector": [4.98, 0, 0]
						},
						"0.1667": {
							"vector": [4.92, 0, 0]
						},
						"0.25": {
							"vector": [4.83, 0, 0]
						},
						"0.3333": {
							"vector": [4.7, 0, 0]
						},
						"0.4167": {
							"vector": [4.53, 0, 0]
						},
						"0.5": {
							"vector": [4.33, 0, 0]
						},
						"0.5833": {
							"vector": [4.1, 0, 0]
						},
						"0.6667": {
							"vector": [3.83, 0, 0]
						},
						"0.75": {
							"vector": [3.54, 0, 0]
						},
						"0.8333": {
							"vector": [3.21, 0, 0]
						},
						"0.9167": {
							"vector": [2.87, 0, 0]
						},
						"1.0": {
							"vector": [2.5, 0, 0]
						},
						"1.0833": {
							"vector": [2.11, 0, 0]
						},
						"1.1667": {
							"vector": [1.71, 0, 0]
						},
						"1.25": {
							"vector": [1.29, 0, 0]
						},
						"1.3333": {
							"vector": [0.87, 0, 0]
						},
						"1.4167": {
							"vector": [0.44, 0, 0]
						},
						"1.5": {
							"vector": [0, 0, 0]
						},
						"1.5833": {
							"vector": [-0.44, 0, 0]
						},
						"1.6667": {
							"vector": [-0.87, 0, 0]
						},
						"1.75": {
							"vector": [-1.29, 0, 0]
						},
						"1.8333": {
							"vector": [-1.71, 0, 0]
						},
						"1.9167": {
							"vector": [-2.11, 0, 0]
						},
						"2.0": {
							"vector": [-2.5, 0, 0]
						},
						"2.0833": {
							"vector": [-2.87, 0, 0]
						},
						"2.1667": {
							"vector": [-3.21, 0, 0]
						},
						"2.25": {
							"vector": [-3.54, 0, 0]
						},
						"2.3333": {
							"vector": [-3.83, 0, 0]
						},
						"2.4167": {
							"vector": [-4.1, 0, 0]
						},
						"2.5": {
							"vector": [-4.33, 0, 0]
						},
						"2.5833": {
							"vector": [-4.53, 0, 0]
						},
						"2.6667": {
							"vector": [-4.7, 0, 0]
						},
						"2.75": {
							"vector": [-4.83, 0, 0]
						},
						"2.8333": {
							"vector": [-4.92, 0, 0]
						},
						"2.9167": {
							"vector": [-4.98, 0, 0]
						},
						"3.0": {
							"vector": [-5, 0, 0]
						},
						"3.0833": {
							"vector": [-4.98, 0, 0]
						},
						"3.1667": {
							"vector": [-4.92, 0, 0]
						},
						"3.25": {
							"vector": [-4.83, 0, 0]
						},
						"3.3333": {
							"vector": [-4.7, 0, 0]
						},
						"3.4167": {
							"vector": [-4.53, 0, 0]
						},
						"3.5": {
							"vector": [-4.33, 0, 0]
						},
						"3.5833": {
							"vector": [-4.1, 0, 0]
						},
						"3.6667": {
							"vector": [-3.83, 0, 0]
						},
						"3.75": {
							"vector": [-3.54, 0, 0]
						},
						"3.8333": {
							"vector": [-3.21, 0, 0]
						},
						"3.9167": {
							"vector": [-2.87, 0, 0]
						},
						"4.0": {
							"vector": [-2.5, 0, 0]
						},
						"4.0833": {
							"vector": [-2.11, 0, 0]
						},
						"4.1667": {
							"vector": [-1.71, 0, 0]
						},
						"4.25": {
							"vector": [-1.29, 0, 0]
						},
						"4.3333": {
							"vector": [-0.87, 0, 0]
						},
						"4.4167": {
							"vector": [-0.44, 0, 0]
						},
						"4.5": {
							"vector": [0, 0, 0]
						},
						"4.5833": {
							"vector": [0.44, 0, 0]
						},
						"4.6667": {
							"vector": [0.87, 0, 0]
						},
						"4.75": {
							"vector": [1.29, 0, 0]
						},
						"4.8333": {
							"vector": [1.71, 0, 0]
						},
						"4.9167": {
							"vector": [2.11, 0, 0]
						},
						"5.0": {
							"vector": [2.5, 0, 0]
						},
						"5.0833": {
							"vector": [2.87, 0, 0]
						},
						"5.1667": {
							"vector": [3.21, 0, 0]
						},
						"5.25": {
							"vector": [3.54, 0, 0]
						},
						"5.3333": {
							"vector": [3.83, 0, 0]
						},
						"5.4167": {
							"vector": [4.1, 0, 0]
						},
						"5.5": {
							"vector": [4.33, 0, 0]
						},
						"5.5833": {
							"vector": [4.53, 0, 0]
						},
						"5.6667": {
							"vector": [4.7, 0, 0]
						},
						"5.75": {
							"vector": [4.83, 0, 0]
						},
						"5.8333": {
							"vector": [4.92, 0, 0]
						},
						"5.9167": {
							"vector": [4.98, 0, 0]
						},
						"6.0": {
							"vector": [5, 0, 0]
						}
					}
				},
				"tail": {
					"rotation": {
						"0.0": {
							"vector": [3, 0, 0]
						},
						"0.0833": {
							"vector": [2.99, 0, 0]
						},
						"0.1667": {
							"vector": [2.95, 0, 0]
						},
						"0.25": {
							"vector": [2.9, 0, 0]
						},
						"0.3333": {
							"vector": [2.82, 0, 0]
						},
						"0.4167": {
							"vector": [2.72, 0, 0]
						},
						"0.5": {
							"vector": [2.6, 0, 0]
						},
						"0.5833": {
							"vector": [2.46, 0, 0]
						},
						"0.6667": {
							"vector": [2.3, 0, 0]
						},
						"0.75": {
							"vector": [2.12, 0, 0]
						},
						"0.8333": {
							"vector": [1.93, 0, 0]
						},
						"0.9167": {
							"vector": [1.72, 0, 0]
						},
						"1.0": {
							"vector": [1.5, 0, 0]
						},
						"1.0833": {
							"vector": [1.27, 0, 0]
						},
						"1.1667": {
							"vector": [1.03, 0, 0]
						},
						"1.25": {
							"vector": [0.78, 0, 0]
						},
						"1.3333": {
							"vector": [0.52, 0, 0]
						},
						"1.4167": {
							"vector": [0.26, 0, 0]
						},
						"1.5": {
							"vector": [0, 0, 0]
						},
						"1.5833": {
							"vector": [-0.26, 0, 0]
						},
						"1.6667": {
							"vector": [-0.52, 0, 0]
						},
						"1.75": {
							"vector": [-0.78, 0, 0]
						},
						"1.8333": {
							"vector": [-1.03, 0, 0]
						},
						"1.9167": {
							"vector": [-1.27, 0, 0]
						},
						"2.0": {
							"vector": [-1.5, 0, 0]
						},
						"2.0833": {
							"vector": [-1.72, 0, 0]
						},
						"2.1667": {
							"vector": [-1.93, 0, 0]
						},
						"2.25": {
							"vector": [-2.12, 0, 0]
						},
						"2.3333": {
							"vector": [-2.3, 0, 0]
						},
						"2.4167": {
							"vector": [-2.46, 0, 0]
						},
						"2.5": {
							"vector": [-2.6, 0, 0]
						},
						"2.5833": {
							"vector": [-2.72, 0, 0]
						},
						"2.6667": {
							"vector": [-2.82, 0, 0]
						},
						"2.75": {
							"vector": [-2.9, 0, 0]
						},
						"2.8333": {
							"vector": [-2.95, 0, 0]
						},
						"2.9167": {
							"vector": [-2.99, 0, 0]
						},
						"3.0": {
							"vector": [-3, 0, 0]
						},
						"3.0833": {
							"vector": [-2.99, 0, 0]
						},
						"3.1667": {
							"vector": [-2.95, 0, 0]
						},
						"3.25": {
							"vector": [-2.9, 0, 0]
						},
						"3.3333": {
							"vector": [-2.82, 0, 0]
						},
						"3.4167": {
							"vector": [-2.72, 0, 0]
						},
						"3.5": {
							"vector": [-2.6, 0, 0]
						},
						"3.5833": {
							"vector": [-2.46, 0, 0]
						},
						"3.6667": {
							"vector": [-2.3, 0, 0]
						},
						"3.75": {
							"vector": [-2.12, 0, 0]
						},
						"3.8333": {
							"vector": [-1.93, 0, 0]
						},
						"3.9167": {
							"vector": [-1.72, 0, 0]
						},
						"4.0": {
							"vector": [-1.5, 0, 0]
						},
						"4.0833": {
							"vector": [-1.27, 0, 0]
						},
						"4.1667": {
							"vector": [-1.03, 0, 0]
						},
						"4.25": {
							"vector": [-0.78, 0, 0]
						},
						"4.3333": {
							"vector": [-0.52, 0, 0]
						},
						"4.4167": {
							"vector": [-0.26, 0, 0]
						},
						"4.5": {
							"vector": [0, 0, 0]
						},
						"4.5833": {
							"vector": [0.26, 0, 0]
						},
						"4.6667": {
							"vector": [0.52, 0, 0]
						},
						"4.75": {
							"vector": [0.78, 0, 0]
						},
						"4.8333": {
							"vector": [1.03, 0, 0]
						},
						"4.9167": {
							"vector": [1.27, 0, 0]
						},
						"5.0": {
							"vector": [1.5, 0, 0]
						},
						"5.0833": {
							"vector": [1.72, 0, 0]
						},
						"5.1667": {
							"vector": [1.93, 0, 0]
						},
						"5.25": {
							"vector": [2.12, 0, 0]
						},
						"5.3333": {
							"vector": [2.3, 0, 0]
						},
						"5.4167": {
							"vector": [2.46, 0, 0]
						},
						"5.5": {
							"vector": [2.6, 0, 0]
						},
						"5.5833": {
							"vector": [2.72, 0, 0]
						},
						"5.6667": {
							"vector": [2.82, 0, 0]
						},
						"5.75": {
							"vector": [2.9, 0, 0]
						},
						"5.8333": {
							"vector": [2.95, 0, 0]
						},
						"5.9167": {
							"vector": [2.99, 0, 0]
						},
						"6.0": {
							"vector": [3, 0, 0]
						}
					}
				},
				"t1": {
					"rotation": {
						"0.0": {
							"vector": [3, 0, 0]
						},
						"0.0833": {
							"vector": [2.99, 0, 0]
						},
						"0.1667": {
							"vector": [2.95, 0, 0]
						},
						"0.25": {
							"vector": [2.9, 0, 0]
						},
						"0.3333": {
							"vector": [2.82, 0, 0]
						},
						"0.4167": {
							"vector": [2.72, 0, 0]
						},
						"0.5": {
							"vector": [2.6, 0, 0]
						},
						"0.5833": {
							"vector": [2.46, 0, 0]
						},
						"0.6667": {
							"vector": [2.3, 0, 0]
						},
						"0.75": {
							"vector": [2.12, 0, 0]
						},
						"0.8333": {
							"vector": [1.93, 0, 0]
						},
						"0.9167": {
							"vector": [1.72, 0, 0]
						},
						"1.0": {
							"vector": [1.5, 0, 0]
						},
						"1.0833": {
							"vector": [1.27, 0, 0]
						},
						"1.1667": {
							"vector": [1.03, 0, 0]
						},
						"1.25": {
							"vector": [0.78, 0, 0]
						},
						"1.3333": {
							"vector": [0.52, 0, 0]
						},
						"1.4167": {
							"vector": [0.26, 0, 0]
						},
						"1.5": {
							"vector": [0, 0, 0]
						},
						"1.5833": {
							"vector": [-0.26, 0, 0]
						},
						"1.6667": {
							"vector": [-0.52, 0, 0]
						},
						"1.75": {
							"vector": [-0.78, 0, 0]
						},
						"1.8333": {
							"vector": [-1.03, 0, 0]
						},
						"1.9167": {
							"vector": [-1.27, 0, 0]
						},
						"2.0": {
							"vector": [-1.5, 0, 0]
						},
						"2.0833": {
							"vector": [-1.72, 0, 0]
						},
						"2.1667": {
							"vector": [-1.93, 0, 0]
						},
						"2.25": {
							"vector": [-2.12, 0, 0]
						},
						"2.3333": {
							"vector": [-2.3, 0, 0]
						},
						"2.4167": {
							"vector": [-2.46, 0, 0]
						},
						"2.5": {
							"vector": [-2.6, 0, 0]
						},
						"2.5833": {
							"vector": [-2.72, 0, 0]
						},
						"2.6667": {
							"vector": [-2.82, 0, 0]
						},
						"2.75": {
							"vector": [-2.9, 0, 0]
						},
						"2.8333": {
							"vector": [-2.95, 0, 0]
						},
						"2.9167": {
							"vector": [-2.99, 0, 0]
						},
						"3.0": {
							"vector": [-3, 0, 0]
						},
						"3.0833": {
							"vector": [-2.99, 0, 0]
						},
						"3.1667": {
							"vector": [-2.95, 0, 0]
						},
						"3.25": {
							"vector": [-2.9, 0, 0]
						},
						"3.3333": {
							"vector": [-2.82, 0, 0]
						},
						"3.4167": {
							"vector": [-2.72, 0, 0]
						},
						"3.5": {
							"vector": [-2.6, 0, 0]
						},
						"3.5833": {
							"vector": [-2.46, 0, 0]
						},
						"3.6667": {
							"vector": [-2.3, 0, 0]
						},
						"3.75": {
							"vector": [-2.12, 0, 0]
						},
						"3.8333": {
							"vector": [-1.93, 0, 0]
						},
						"3.9167": {
							"vector": [-1.72, 0, 0]
						},
						"4.0": {
							"vector": [-1.5, 0, 0]
						},
						"4.0833": {
							"vector": [-1.27, 0, 0]
						},
						"4.1667": {
							"vector": [-1.03, 0, 0]
						},
						"4.25": {
							"vector": [-0.78, 0, 0]
						},
						"4.3333": {
							"vector": [-0.52, 0, 0]
						},
						"4.4167": {
							"vector": [-0.26, 0, 0]
						},
						"4.5": {
							"vector": [0, 0, 0]
						},
						"4.5833": {
							"vector": [0.26, 0, 0]
						},
						"4.6667": {
							"vector": [0.52, 0, 0]
						},
						"4.75": {
							"vector": [0.78, 0, 0]
						},
						"4.8333": {
							"vector": [1.03, 0, 0]
						},
						"4.9167": {
							"vector": [1.27, 0, 0]
						},
						"5.0": {
							"vector": [1.5, 0, 0]
						},
						"5.0833": {
							"vector": [1.72, 0, 0]
						},
						"5.1667": {
							"vector": [1.93, 0, 0]
						},
						"5.25": {
							"vector": [2.12, 0, 0]
						},
						"5.3333": {
							"vector": [2.3, 0, 0]
						},
						"5.4167": {
							"vector": [2.46, 0, 0]
						},
						"5.5": {
							"vector": [2.6, 0, 0]
						},
						"5.5833": {
							"vector": [2.72, 0, 0]
						},
						"5.6667": {
							"vector": [2.82, 0, 0]
						},
						"5.75": {
							"vector": [2.9, 0, 0]
						},
						"5.8333": {
							"vector": [2.95, 0, 0]
						},
						"5.9167": {
							"vector": [2.99, 0, 0]
						},
						"6.0": {
							"vector": [3, 0, 0]
						}
					}
				},
				"t2": {
					"rotation": {
						"0.0": {
							"vector": [0, 0, 0]
						},
						"0.0833": {
							"vector": [0.26, 0, 0]
						},
						"0.1667": {
							"vector": [0.52, 0, 0]
						},
						"0.25": {
							"vector": [0.78, 0, 0]
						},
						"0.3333": {
							"vector": [1.03, 0, 0]
						},
						"0.4167": {
							"vector": [1.27, 0, 0]
						},
						"0.5": {
							"vector": [1.5, 0, 0]
						},
						"0.5833": {
							"vector": [1.72, 0, 0]
						},
						"0.6667": {
							"vector": [1.93, 0, 0]
						},
						"0.75": {
							"vector": [2.12, 0, 0]
						},
						"0.8333": {
							"vector": [2.3, 0, 0]
						},
						"0.9167": {
							"vector": [2.46, 0, 0]
						},
						"1.0": {
							"vector": [2.6, 0, 0]
						},
						"1.0833": {
							"vector": [2.72, 0, 0]
						},
						"1.1667": {
							"vector": [2.82, 0, 0]
						},
						"1.25": {
							"vector": [2.9, 0, 0]
						},
						"1.3333": {
							"vector": [2.95, 0, 0]
						},
						"1.4167": {
							"vector": [2.99, 0, 0]
						},
						"1.5": {
							"vector": [3, 0, 0]
						},
						"1.5833": {
							"vector": [2.99, 0, 0]
						},
						"1.6667": {
							"vector": [2.95, 0, 0]
						},
						"1.75": {
							"vector": [2.9, 0, 0]
						},
						"1.8333": {
							"vector": [2.82, 0, 0]
						},
						"1.9167": {
							"vector": [2.72, 0, 0]
						},
						"2.0": {
							"vector": [2.6, 0, 0]
						},
						"2.0833": {
							"vector": [2.46, 0, 0]
						},
						"2.1667": {
							"vector": [2.3, 0, 0]
						},
						"2.25": {
							"vector": [2.12, 0, 0]
						},
						"2.3333": {
							"vector": [1.93, 0, 0]
						},
						"2.4167": {
							"vector": [1.72, 0, 0]
						},
						"2.5": {
							"vector": [1.5, 0, 0]
						},
						"2.5833": {
							"vector": [1.27, 0, 0]
						},
						"2.6667": {
							"vector": [1.03, 0, 0]
						},
						"2.75": {
							"vector": [0.78, 0, 0]
						},
						"2.8333": {
							"vector": [0.52, 0, 0]
						},
						"2.9167": {
							"vector": [0.26, 0, 0]
						},
						"3.0": {
							"vector": [0, 0, 0]
						},
						"3.0833": {
							"vector": [-0.26, 0, 0]
						},
						"3.1667": {
							"vector": [-0.52, 0, 0]
						},
						"3.25": {
							"vector": [-0.78, 0, 0]
						},
						"3.3333": {
							"vector": [-1.03, 0, 0]
						},
						"3.4167": {
							"vector": [-1.27, 0, 0]
						},
						"3.5": {
							"vector": [-1.5, 0, 0]
						},
						"3.5833": {
							"vector": [-1.72, 0, 0]
						},
						"3.6667": {
							"vector": [-1.93, 0, 0]
						},
						"3.75": {
							"vector": [-2.12, 0, 0]
						},
						"3.8333": {
							"vector": [-2.3, 0, 0]
						},
						"3.9167": {
							"vector": [-2.46, 0, 0]
						},
						"4.0": {
							"vector": [-2.6, 0, 0]
						},
						"4.0833": {
							"vector": [-2.72, 0, 0]
						},
						"4.1667": {
							"vector": [-2.82, 0, 0]
						},
						"4.25": {
							"vector": [-2.9, 0, 0]
						},
						"4.3333": {
							"vector": [-2.95, 0, 0]
						},
						"4.4167": {
							"vector": [-2.99, 0, 0]
						},
						"4.5": {
							"vector": [-3, 0, 0]
						},
						"4.5833": {
							"vector": [-2.99, 0, 0]
						},
						"4.6667": {
							"vector": [-2.95, 0, 0]
						},
						"4.75": {
							"vector": [-2.9, 0, 0]
						},
						"4.8333": {
							"vector": [-2.82, 0, 0]
						},
						"4.9167": {
							"vector": [-2.72, 0, 0]
						},
						"5.0": {
							"vector": [-2.6, 0, 0]
						},
						"5.0833": {
							"vector": [-2.46, 0, 0]
						},
						"5.1667": {
							"vector": [-2.3, 0, 0]
						},
						"5.25": {
							"vector": [-2.12, 0, 0]
						},
						"5.3333": {
							"vector": [-1.93, 0, 0]
						},
						"5.4167": {
							"vector": [-1.72, 0, 0]
						},
						"5.5": {
							"vector": [-1.5, 0, 0]
						},
						"5.5833": {
							"vector": [-1.27, 0, 0]
						},
						"5.6667": {
							"vector": [-1.03, 0, 0]
						},
						"5.75": {
							"vector": [-0.78, 0, 0]
						},
						"5.8333": {
							"vector": [-0.52, 0, 0]
						},
						"5.9167": {
							"vector": [-0.26, 0, 0]
						},
						"6.0": {
							"vector": [0, 0, 0]
						}
					}
				}
			}
		},
		"walk": {
			"loop": true,
			"animation_length": 1,
			"bones": {
				"body": {
					"position": {
						"0.0": {
							"vector": [0, 1, 0]
						},
						"0.0417": {
							"vector": [0, 0.87, 0]
						},
						"0.0833": {
							"vector": [0, 0.5, 0]
						},
						"0.125": {
							"vector": [0, 0, 0]
						},
						"0.1667": {
							"vector": [0, -0.5, 0]
						},
						"0.2083": {
							"vector": [0, -0.87, 0]
						},
						"0.25": {
							"vector": [0, -1, 0]
						},
						"0.2917": {
							"vector": [0, -0.87, 0]
						},
						"0.3333": {
							"vector": [0, -0.5, 0]
						},
						"0.375": {
							"vector": [0, 0, 0]
						},
						"0.4167": {
							"vector": [0, 0.5, 0]
						},
						"0.4583": {
							"vector": [0, 0.87, 0]
						},
						"0.5": {
							"vector": [0, 1, 0]
						},
						"0.5417": {
							"vector": [0, 0.87, 0]
						},
						"0.5833": {
							"vector": [0, 0.5, 0]
						},
						"0.625": {
							"vector": [0, 0, 0]
						},
						"0.6667": {
							"vector": [0, -0.5, 0]
						},
						"0.7083": {
							"vector": [0, -0.87, 0]
						},
						"0.75": {
							"vector": [0, -1, 0]
						},
						"0.7917": {
							"vector": [0, -0.87, 0]
						},
						"0.8333": {
							"vector": [0, -0.5, 0]
						},
						"0.875": {
							"vector": [0, 0, 0]
						},
						"0.9167": {
							"vector": [0, 0.5, 0]
						},
						"0.9583": {
							"vector": [0, 0.87, 0]
						},
						"1.0": {
							"vector": [0, 1, 0]
						}
					}
				},
				"frontbody": {
					"rotation": {
						"0.0": {
							"vector": [0, 0, 0]
						},
						"0.0417": {
							"vector": [-1, 0, 0]
						},
						"0.0833": {
							"vector": [-1.73, 0, 0]
						},
						"0.125": {
							"vector": [-2, 0, 0]
						},
						"0.1667": {
							"vector": [-1.73, 0, 0]
						},
						"0.2083": {
							"vector": [-1, 0, 0]
						},
						"0.25": {
							"vector": [0, 0, 0]
						},
						"0.2917": {
							"vector": [1, 0, 0]
						},
						"0.3333": {
							"vector": [1.73, 0, 0]
						},
						"0.375": {
							"vector": [2, 0, 0]
						},
						"0.4167": {
							"vector": [1.73, 0, 0]
						},
						"0.4583": {
							"vector": [1, 0, 0]
						},
						"0.5": {
							"vector": [0, 0, 0]
						},
						"0.5417": {
							"vector": [-1, 0, 0]
						},
						"0.5833": {
							"vector": [-1.73, 0, 0]
						},
						"0.625": {
							"vector": [-2, 0, 0]
						},
						"0.6667": {
							"vector": [-1.73, 0, 0]
						},
						"0.7083": {
							"vector": [-1, 0, 0]
						},
						"0.75": {
							"vector": [0, 0, 0]
						},
						"0.7917": {
							"vector": [1, 0, 0]
						},
						"0.8333": {
							"vector": [1.73, 0, 0]
						},
						"0.875": {
							"vector": [2, 0, 0]
						},
						"0.9167": {
							"vector": [1.73, 0, 0]
						},
						"0.9583": {
							"vector": [1, 0, 0]
						},
						"1.0": {
							"vector": [0, 0, 0]
						}
					}
				},
				"neck": {
					"rotation": {
						"0.0": {
							"vector": [1.03, 0, 0]
						},
						"0.0417": {
							"vector": [2.3, 0, 0]
						},
						"0.0833": {
							"vector": [2.95, 0, 0]
						},
						"0.125": {
							"vector": [2.82, 0, 0]
						},
						"0.1667": {
							"vector": [1.93, 0, 0]
						},
						"0.2083": {
							"vector": [0.52, 0, 0]
						},
						"0.25": {
							"vector": [-1.03, 0, 0]
						},
						"0.2917": {
							"vector": [-2.3, 0, 0]
						},
						"0.3333": {
							"vector": [-2.95, 0, 0]
						},
						"0.375": {
							"vector": [-2.82, 0, 0]
						},
						"0.4167": {
							"vector": [-1.93, 0, 0]
						},
						"0.4583": {
							"vector": [-0.52, 0, 0]
						},
						"0.5": {
							"vector": [1.03, 0, 0]
						},
						"0.5417": {
							"vector": [2.3, 0, 0]
						},
						"0.5833": {
							"vector": [2.95, 0, 0]
						},
						"0.625": {
							"vector": [2.82, 0, 0]
						},
						"0.6667": {
							"vector": [1.93, 0, 0]
						},
						"0.7083": {
							"vector": [0.52, 0, 0]
						},
						"0.75": {
							"vector": [-1.03, 0, 0]
						},
						"0.7917": {
							"vector": [-2.3, 0, 0]
						},
						"0.8333": {
							"vector": [-2.95, 0, 0]
						},
						"0.875": {
							"vector": [-2.82, 0, 0]
						},
						"0.9167": {
							"vector": [-1.93, 0, 0]
						},
						"0.9583": {
							"vector": [-0.52, 0, 0]
						},
						"1.0": {
							"vector": [1.03, 0, 0]
						}
					}
				},
				"tail": {
					"rotation": {
						"0.0": {
							"vector": [0, 0, 0]
						},
						"0.0417": {
							"vector": [-1, 0, 0]
						},
						"0.0833": {
							"vector": [-1.73, 0, 0]
						},
						"0.125": {
							"vector": [-2, 0, 0]
						},
						"0.1667": {
							"vector": [-1.73, 0, 0]
						},
						"0.2083": {
							"vector": [-1, 0, 0]
						},
						"0.25": {
							"vector": [0, 0, 0]
						},
						"0.2917": {
							"vector": [1, 0, 0]
						},
						"0.3333": {
							"vector": [1.73, 0, 0]
						},
						"0.375": {
							"vector": [2, 0, 0]
						},
						"0.4167": {
							"vector": [1.73, 0, 0]
						},
						"0.4583": {
							"vector": [1, 0, 0]
						},
						"0.5": {
							"vector": [0, 0, 0]
						},
						"0.5417": {
							"vector": [-1, 0, 0]
						},
						"0.5833": {
							"vector": [-1.73, 0, 0]
						},
						"0.625": {
							"vector": [-2, 0, 0]
						},
						"0.6667": {
							"vector": [-1.73, 0, 0]
						},
						"0.7083": {
							"vector": [-1, 0, 0]
						},
						"0.75": {
							"vector": [0, 0, 0]
						},
						"0.7917": {
							"vector": [1, 0, 0]
						},
						"0.8333": {
							"vector": [1.73, 0, 0]
						},
						"0.875": {
							"vector": [2, 0, 0]
						},
						"0.9167": {
							"vector": [1.73, 0, 0]
						},
						"0.9583": {
							"vector": [1, 0, 0]
						},
						"1.0": {
							"vector": [0, 0, 0]
						}
					}
				},
				"t1": {
					"rotation": {
						"0.0": {
							"vector": [0, 0, 0]
						},
						"0.0417": {
							"vector": [-1, 0, 0]
						},
						"0.0833": {
							"vector": [-1.73, 0, 0]
						},
						"0.125": {
							"vector": [-2, 0, 0]
						},
						"0.1667": {
							"vector": [-1.73, 0, 0]
						},
						"0.2083": {
							"vector": [-1, 0, 0]
						},
						"0.25": {
							"vector": [0, 0, 0]
						},
						"0.2917": {
							"vector": [1, 0, 0]
						},
						"0.3333": {
							"vector": [1.73, 0, 0]
						},
						"0.375": {
							"vector": [2, 0, 0]
						},
						"0.4167": {
							"vector": [1.73, 0, 0]
						},
						"0.4583": {
							"vector": [1, 0, 0]
						},
						"0.5": {
							"vector": [0, 0, 0]
						},
						"0.5417": {
							"vector": [-1, 0, 0]
						},
						"0.5833": {
							"vector": [-1.73, 0, 0]
						},
						"0.625": {
							"vector": [-2, 0, 0]
						},
						"0.6667": {
							"vector": [-1.73, 0, 0]
						},
						"0.7083": {
							"vector": [-1, 0, 0]
						},
						"0.75": {
							"vector": [0, 0, 0]
						},
						"0.7917": {
							"vector": [1, 0, 0]
						},
						"0.8333": {
							"vector": [1.73, 0, 0]
						},
						"0.875": {
							"vector": [2, 0, 0]
						},
						"0.9167": {
							"vector": [1.73, 0, 0]
						},
						"0.9583": {
							"vector": [1, 0, 0]
						},
						"1.0": {
							"vector": [0, 0, 0]
						}
					}
				},
				"leftLeg0": {
					"rotation": {
						"0.0": {
							"vector": [25, 0, 0]
						},
						"0.0417": {
							"vector": [24.32, 0, 0]
						},
						"0.0833": {
							"vector": [22.32, 0, 0]
						},
						"0.125": {
							"vector": [19.14, 0, 0]
						},
						"0.1667": {
							"vector": [15, 0, 0]
						},
						"0.2083": {
							"vector": [10.18, 0, 0]
						},
						"0.25": {
							"vector": [5, 0, 0]
						},
						"0.2917": {
							"vector": [-0.18, 0, 0]
						},
						"0.3333": {
							"vector": [-5, 0, 0]
						},
						"0.375": {
							"vector": [-9.14, 0, 0]
						},
						"0.4167": {
							"vector": [-12.32, 0, 0]
						},
						"0.4583": {
							"vector": [-14.32, 0, 0]
						},
						"0.5": {
							"vector": [-15, 0, 0]
						},
						"0.5417": {
							"vector": [-14.32, 0, 0]
						},
						"0.5833": {
							"vector": [-12.32, 0, 0]
						},
						"0.625": {
							"vector": [-9.14, 0, 0]
						},
						"0.6667": {
							"vector": [-5, 0, 0]
						},
						"0.7083": {
							"vector": [-0.18, 0, 0]
						},
						"0.75": {
							"vector": [5, 0, 0]
						},
						"0.7917": {
							"vector": [10.18, 0, 0]
						},
						"0.8333": {
							"vector": [15, 0, 0]
						},
						"0.875": {
							"vector": [19.14, 0, 0]
						},
						"0.9167": {
							"vector": [22.32, 0, 0]
						},
						"0.9583": {
							"vector": [24.32, 0, 0]
						},
						"1.0": {
							"vector": [25, 0, 0]
						}
					}
				},
				"leftLeg1": {
					"rotation": {
						"0.0": {
							"vector": [0, 0, 0]
						},
						"0.0417": {
							"vector": [2.59, 0, 0]
						},
						"0.0833": {
							"vector": [5, 0, 0]
						},
						"0.125": {
							"vector": [7.07, 0, 0]
						},
						"0.1667": {
							"vector": [8.66, 0, 0]
						},
						"0.2083": {
							"vector": [9.66, 0, 0]
						},
						"0.25": {
							"vector": [10, 0, 0]
						},
						"0.2917": {
							"vector": [9.66, 0, 0]
						},
						"0.3333": {
							"vector": [8.66, 0, 0]
						},
						"0.375": {
							"vector": [7.07, 0, 0]
						},
						"0.4167": {
							"vector": [5, 0, 0]
						},
						"0.4583": {
							"vector": [2.59, 0, 0]
						},
						"0.5": {
							"vector": [0, 0, 0]
						},
						"0.5417": {
							"vector": [-2.59, 0, 0]
						},
						"0.5833": {
							"vector": [-5, 0, 0]
						},
						"0.625": {
							"vector": [-7.07, 0, 0]
						},
						"0.6667": {
							"vector": [-8.66, 0, 0]
						},
						"0.7083": {
							"vector": [-9.66, 0, 0]
						},
						"0.75": {
							"vector": [-10, 0, 0]
						},
						"0.7917": {
							"vector": [-9.66, 0, 0]
						},
						"0.8333": {
							"vector": [-8.66, 0, 0]
						},
						"0.875": {
							"vector": [-7.07, 0, 0]
						},
						"0.9167": {
							"vector": [-5, 0, 0]
						},
						"0.9583": {
							"vector": [-2.59, 0, 0]
						},
						"1.0": {
							"vector": [0, 0, 0]
						}
					}
				},
				"leftLeg2": {
					"rotation": {
						"0.0": {
							"vector": [10, 0, 0]
						},
						"0.0417": {
							"vector": [9.66, 0, 0]
						},
						"0.0833": {
							"vector": [8.66, 0, 0]
						},
						"0.125": {
							"vector": [7.07, 0, 0]
						},
						"0.1667": {
							"vector": [5, 0, 0]
						},
						"0.2083": {
							"vector": [2.59, 0, 0]
						},
						"0.25": {
							"vector": [0, 0, 0]
						},
						"0.2917": {
							"vector": [-2.59, 0, 0]
						},
						"0.3333": {
							"vector": [-5, 0, 0]
						},
						"0.375": {
							"vector": [-7.07, 0, 0]
						},
						"0.4167": {
							"vector": [-8.66, 0, 0]
						},
						"0.4583": {
							"vector": [-9.66, 0, 0]
						},
						"0.5": {
							"vector": [-10, 0, 0]
						},
						"0.5417": {
							"vector": [-9.66, 0, 0]
						},
						"0.5833": {
							"vector": [-8.66, 0, 0]
						},
						"0.625": {
							"vector": [-7.07, 0, 0]
						},
						"0.6667": {
							"vector": [-5, 0, 0]
						},
						"0.7083": {
							"vector": [-2.59, 0, 0]
						},
						"0.75": {
							"vector": [0, 0, 0]
						},
						"0.7917": {
							"vector": [2.59, 0, 0]
						},
						"0.8333": {
							"vector": [5, 0, 0]
						},
						"0.875": {
							"vector": [7.07, 0, 0]
						},
						"0.9167": {
							"vector": [8.66, 0, 0]
						},
						"0.9583": {
							"vector": [9.66, 0, 0]
						},
						"1.0": {
							"vector": [10, 0, 0]
						}
					}
				},
				"rightLeg4": {
					"rotation": {
						"0.0": {
							"vector": [-15, 0, 0]
						},
						"0.0417": {
							"vector": [-14.32, 0, 0]
						},
						"0.0833": {
							"vector": [-12.32, 0, 0]
						},
						"0.125": {
							"vector": [-9.14, 0, 0]
						},
						"0.1667": {
							"vector": [-5, 0, 0]
						},
						"0.2083": {
							"vector": [-0.18, 0, 0]
						},
						"0.25": {
							"vector": [5, 0, 0]
						},
						"0.2917": {
							"vector": [10.18, 0, 0]
						},
						"0.3333": {
							"vector": [15, 0, 0]
						},
						"0.375": {
							"vector": [19.14, 0, 0]
						},
						"0.4167": {
							"vector": [22.32, 0, 0]
						},
						"0.4583": {
							"vector": [24.32, 0, 0]
						},
						"0.5": {
							"vector": [25, 0, 0]
						},
						"0.5417": {
							"vector": [24.32, 0, 0]
						},
						"0.5833": {
							"vector": [22.32, 0, 0]
						},
						"0.625": {
							"vector": [19.14, 0, 0]
						},
						"0.6667": {
							"vector": [15, 0, 0]
						},
						"0.7083": {
							"vector": [10.18, 0, 0]
						},
						"0.75": {
							"vector": [5, 0, 0]
						},
						"0.7917": {
							"vector": [-0.18, 0, 0]
						},
						"0.8333": {
							"vector": [-5, 0, 0]
						},
						"0.875": {
							"vector": [-9.14, 0, 0]
						},
						"0.9167": {
							"vector": [-12.32, 0, 0]
						},
						"0.9583": {
							"vector": [-14.32, 0, 0]
						},
						"1.0": {
							"vector": [-15, 0, 0]
						}
					}
				},
				"rightLeg5": {
					"rotation": {
						"0.0": {
							"vector": [0, 0, 0]
						},
						"0.0417": {
							"vector": [-2.59, 0, 0]
						},
						"0.0833": {
							"vector": [-5, 0, 0]
						},
						"0.125": {
							"vector": [-7.07, 0, 0]
						},
						"0.1667": {
							"vector": [-8.66, 0, 0]
						},
						"0.2083": {
							"vector": [-9.66, 0, 0]
						},
						"0.25": {
							"vector": [-10, 0, 0]
						},
						"0.2917": {
							"vector": [-9.66, 0, 0]
						},
						"0.3333": {
							"vector": [-8.66, 0, 0]
						},
						"0.375": {
							"vector": [-7.07, 0, 0]
						},
						"0.4167": {
							"vector": [-5, 0, 0]
						},
						"0.4583": {
							"vector": [-2.59, 0, 0]
						},
						"0.5": {
							"vector": [0, 0, 0]
						},
						"0.5417": {
							"vector": [2.59, 0, 0]
						},
						"0.5833": {
							"vector": [5, 0, 0]
						},
						"0.625": {
							"vector": [7.07, 0, 0]
						},
						"0.6667": {
							"vector": [8.66, 0, 0]
						},
						"0.7083": {
							"vector": [9.66, 0, 0]
						},
						"0.75": {
							"vector": [10, 0, 0]
						},
						"0.7917": {
							"vector": [9.66, 0, 0]
						},
						"0.8333": {
							"vector": [8.66, 0, 0]
						},
						"0.875": {
							"vector": [7.07, 0, 0]
						},
						"0.9167": {
							"vector": [5, 0, 0]
						},
						"0.9583": {
							"vector": [2.59, 0, 0]
						},
						"1.0": {
							"vector": [0, 0, 0]
						}
					}
				},
				"rightLeg6": {
					"rotation": {
						"0.0": {
							"vector": [-10, 0, 0]
						},
						"0.0417": {
							"vector": [-9.66, 0, 0]
						},
						"0.0833": {
							"vector": [-8.66, 0, 0]
						},
						"0.125": {
							"vector": [-7.07, 0, 0]
						},
						"0.1667": {
							"vector": [-5, 0, 0]
						},
						"0.2083": {
							"vector": [-2.59, 0, 0]
						},
						"0.25": {
							"vector": [0, 0, 0]
						},
						"0.2917": {
							"vector": [2.59, 0, 0]
						},
						"0.3333": {
							"vector": [5, 0, 0]
						},
						"0.375": {
							"vector": [7.07, 0, 0]
						},
						"0.4167": {
							"vector": [8.66, 0, 0]
						},
						"0.4583": {
							"vector": [9.66, 0, 0]
						},
						"0.5": {
							"vector": [10, 0, 0]
						},
						"0.5417": {
							"vector": [9.66, 0, 0]
						},
						"0.5833": {
							"vector": [8.66, 0, 0]
						},
						"0.625": {
							"vector": [7.07, 0, 0]
						},
						"0.6667": {
							"vector": [5, 0, 0]
						},
						"0.7083": {
							"vector": [2.59, 0, 0]
						},
						"0.75": {
							"vector": [0, 0, 0]
						},
						"0.7917": {
							"vector": [-2.59, 0, 0]
						},
						"0.8333": {
							"vector": [-5, 0, 0]
						},
						"0.875": {
							"vector": [-7.07, 0, 0]
						},
						"0.9167": {
							"vector": [-8.66, 0, 0]
						},
						"0.9583": {
							"vector": [-9.66, 0, 0]
						},
						"1.0": {
							"vector": [-10, 0, 0]
						}
					}
				}
			}
		}
	},
	"geckolib_format_version": 2
}